{
  "rules": {
    "annual_inc": {
      "type": "continuous",
      "edges": [
        "-inf",
        34000.0,
        42000.0,
        50000.0,
        56000.0,
        65000.0,
        73000.0,
        84000.0,
        100000.0,
        125000.0,
        "inf"
      ],
      "direction": "decreasing_bad_rate",
      "woe": {
        "0": -0.204062282714792,
        "1": -0.17850746740667778,
        "2": -0.12682248456527187,
        "3": -0.10329173508762904,
        "4": -0.0664737878512717,
        "5": 0.0006137415674424327,
        "6": 0.05032749503303141,
        "7": 0.14154673666462145,
        "8": 0.2652537028776987,
        "9": 0.37978814958735996,
        "__MISSING__": -1.4153673241894646
      }
    },
    "dti": {
      "type": "continuous",
      "edges": [
        "-inf",
        7.71999979019165,
        10.90999984741211,
        13.430000305175781,
        15.75,
        18.040000915527344,
        20.420000076293945,
        23.06999969482422,
        26.18000030517578,
        30.219999313354492,
        "inf"
      ],
      "direction": "increasing_bad_rate",
      "woe": {
        "0": 0.42221408326083754,
        "1": 0.330397676340899,
        "2": 0.2635772114590837,
        "3": 0.16895961210491386,
        "4": 0.08551872989841779,
        "5": 0.015917780895934378,
        "6": -0.08283988395363748,
        "7": -0.17867884251399055,
        "8": -0.2781237673465449,
        "9": -0.5152852344488392,
        "__MISSING__": -1.4153673241894646
      }
    },
    "loan_amnt": {
      "type": "continuous",
      "edges": [
        "-inf",
        5000.0,
        7000.0,
        9200.0,
        10500.0,
        15000.0,
        28000.0,
        "inf"
      ],
      "direction": "increasing_bad_rate",
      "woe": {
        "0": 0.3342268839190415,
        "1": 0.3323186237191092,
        "2": 0.23769859723604456,
        "3": 0.07270840263880048,
        "4": -0.09365778350214321,
        "5": -0.16295102344118642,
        "6": -0.19816825069836957
      }
    },
    "fico_n": {
      "type": "continuous",
      "edges": [
        "-inf",
        662.0,
        672.0,
        677.0,
        682.0,
        687.0,
        697.0,
        702.0,
        717.0,
        737.0,
        "inf"
      ],
      "direction": "decreasing_bad_rate",
      "woe": {
        "0": -0.33763920004613696,
        "1": -0.2586381222212585,
        "2": -0.2013981333825571,
        "3": -0.17467534677130803,
        "4": -0.08232400776674857,
        "5": -0.0016421439852409739,
        "6": 0.09992238042664972,
        "7": 0.24751738555552333,
        "8": 0.4880046835419044,
        "9": 0.9245314433168748
      }
    },
    "loan_to_income": {
      "type": "continuous",
      "edges": [
        "-inf",
        0.07999999821186066,
        0.11555555462837219,
        0.1458193004131318,
        0.17499999701976776,
        0.20408163964748383,
        0.23814432322978973,
        0.27586206793785095,
        0.3199999928474426,
        0.37837839126586914,
        "inf"
      ],
      "direction": "increasing_bad_rate",
      "woe": {
        "0": 0.5842499971089661,
        "1": 0.43163870724588804,
        "2": 0.3495220181041252,
        "3": 0.2455588468165386,
        "4": 0.12706716956378125,
        "5": 0.026322014309776678,
        "6": -0.09928990614794521,
        "7": -0.29315744071000316,
        "8": -0.44564748322980574,
        "9": -0.5418241170399583,
        "__MISSING__": -1.4153673241894646
      }
    },
    "credit_history_months": {
      "type": "continuous",
      "edges": [
        "-inf",
        101.0,
        128.0,
        146.0,
        164.0,
        181.0,
        203.0,
        230.0,
        264.0,
        324.0,
        "inf"
      ],
      "direction": "decreasing_bad_rate",
      "woe": {
        "0": -0.14358448965842327,
        "1": -0.13870656327063982,
        "2": -0.12117602954491558,
        "3": -0.06547544216953141,
        "4": -0.005805586017864568,
        "5": 0.031792870769792425,
        "6": 0.03307476375362172,
        "7": 0.1015903315113062,
        "8": 0.16001146111338546,
        "9": 0.1962477832046769
      }
    },
    "delinq_2yrs": {
      "type": "continuous",
      "edges": [
        "-inf",
        0.0,
        1.0,
        "inf"
      ],
      "direction": "increasing_bad_rate",
      "woe": {
        "0": 0.015973026037933685,
        "1": -0.02768279220432217,
        "2": -0.11986733774382015
      }
    },
    "inq_last_6mths": {
      "type": "continuous",
      "edges": [
        "-inf",
        0.0,
        1.0,
        2.0,
        "inf"
      ],
      "direction": "increasing_bad_rate",
      "woe": {
        "0": 0.1439488680518117,
        "1": -0.0923204496193799,
        "2": -0.2698334324816306,
        "3": -0.4097480363263934
      }
    },
    "open_acc": {
      "type": "continuous",
      "edges": [
        "-inf",
        6.0,
        7.0,
        9.0,
        10.0,
        11.0,
        12.0,
        14.0,
        16.0,
        19.0,
        "inf"
      ],
      "direction": "increasing_bad_rate",
      "woe": {
        "0": 0.16455630064780427,
        "1": 0.0963929818178092,
        "2": 0.05003372031183901,
        "3": 0.008573450474601754,
        "4": -0.028208025893270088,
        "5": -0.03813263852799049,
        "6": -0.058787258954635484,
        "7": -0.06940666548726447,
        "8": -0.07637477968907987,
        "9": -0.1497327522965165
      }
    },
    "pub_rec": {
      "type": "continuous",
      "edges": [
        "-inf",
        0.0,
        1.0,
        "inf"
      ],
      "direction": "increasing_bad_rate",
      "woe": {
        "0": 0.03168294227428258,
        "1": -0.13532079122423227,
        "2": -0.14043451609475888
      }
    },
    "revol_bal": {
      "type": "continuous",
      "edges": [
        "-inf",
        23486.0,
        33575.20000000007,
        "inf"
      ],
      "direction": "decreasing_bad_rate",
      "woe": {
        "0": -0.027679727950014308,
        "1": 0.040375369785021556,
        "2": 0.19490686818073813
      }
    },
    "revol_util": {
      "type": "continuous",
      "edges": [
        "-inf",
        21.899999618530273,
        32.29999923706055,
        40.29999923706055,
        47.5,
        54.29999923706055,
        61.0,
        68.19999694824219,
        76.0999984741211,
        85.9000015258789,
        "inf"
      ],
      "direction": "increasing_bad_rate",
      "woe": {
        "0": 0.30473605144614235,
        "1": 0.180012530205448,
        "2": 0.11507604290610486,
        "3": 0.03521766489970611,
        "4": -0.022472210424614343,
        "5": -0.04997403706980026,
        "6": -0.09049321362837542,
        "7": -0.11060737843813494,
        "8": -0.1425483191788086,
        "9": -0.15756839137749643,
        "__MISSING__": -0.13016907994094282
      }
    },
    "total_acc": {
      "type": "continuous",
      "edges": [
        "-inf",
        12.0,
        42.0,
        "inf"
      ],
      "direction": "increasing_bad_rate",
      "woe": {
        "0": 0.008315907324118247,
        "1": 0.004862395226002392,
        "2": -0.05186557624464632
      }
    },
    "collections_12_mths_ex_med": {
      "type": "continuous",
      "edges": [
        "-inf",
        0.0,
        "inf"
      ],
      "direction": "increasing_bad_rate",
      "woe": {
        "0": 0.004200792247194933,
        "1": -0.22503159069603249
      }
    },
    "mths_since_last_major_derog": {
      "type": "continuous",
      "edges": [
        "-inf",
        50.0,
        57.0,
        64.0,
        72.0,
        "inf"
      ],
      "direction": "increasing_bad_rate",
      "woe": {
        "0": -0.06394069235344181,
        "1": -0.07646744248364501,
        "2": -0.10473551173672759,
        "3": -0.13473170926164257,
        "4": -0.1590930525142891,
        "__MISSING__": 0.03661529688491926
      }
    },
    "acc_open_past_24mths": {
      "type": "continuous",